{"mean":{"confidence_interval":{"confidence_level":0.95,"lower_bound":-0.011090877480032972,"upper_bound":0.0036203078661123708},"point_estimate":-0.0034088360351581803,"standard_error":0.0037516609622943054},"median":{"confidence_interval":{"confidence_level":0.95,"lower_bound":-0.006351594063387256,"upper_bound":0.0020273661389609288},"point_estimate":-0.002845163390788108,"standard_error":0.002005421967613876}}