{"mean":{"confidence_interval":{"confidence_level":0.95,"lower_bound":-0.2899425553909502,"upper_bound":-0.28182468454346443},"point_estimate":-0.2856885646589814,"standard_error":0.002074906208938326},"median":{"confidence_interval":{"confidence_level":0.95,"lower_bound":-0.2869738233305791,"upper_bound":-0.2838406123003715},"point_estimate":-0.2854149853354433,"standard_error":0.0008149980950119958}}