{"mean":{"confidence_interval":{"confidence_level":0.95,"lower_bound":16178059.81517857,"upper_bound":16226996.470107142},"point_estimate":16201814.315714289,"standard_error":12463.136513994321},"median":{"confidence_interval":{"confidence_level":0.95,"lower_bound":16126620.285714285,"upper_bound":16196493.214285713},"point_estimate":16166943.785714285,"standard_error":16813.264257408096},"median_abs_dev":{"confidence_interval":{"confidence_level":0.95,"lower_bound":74453.52317818614,"upper_bound":147540.93638062477},"point_estimate":116308.90893510508,"standard_error":18589.506781743567},"slope":null,"std_dev":{"confidence_interval":{"confidence_level":0.95,"lower_bound":104876.53025102559,"upper_bound":143850.8450161201},"point_estimate":125399.1158981253,"standard_error":9967.039778558437}}