{"mean":{"confidence_interval":{"confidence_level":0.95,"lower_bound":0.002747647650930446,"upper_bound":0.01556087285704943},"point_estimate":0.009332732555310308,"standard_error":0.0032644662458670777},"median":{"confidence_interval":{"confidence_level":0.95,"lower_bound":0.00438120150630657,"upper_bound":0.012435786448572905},"point_estimate":0.007883429452197666,"standard_error":0.002036832808396725}}