{"mean":{"confidence_interval":{"confidence_level":0.95,"lower_bound":0.028303001102226756,"upper_bound":0.04418166846349891},"point_estimate":0.036516819593927385,"standard_error":0.004032731835286416},"median":{"confidence_interval":{"confidence_level":0.95,"lower_bound":0.03686288846160091,"upper_bound":0.0448439966779286},"point_estimate":0.042660423244393675,"standard_error":0.002111225343814526}}