{"mean":{"confidence_interval":{"confidence_level":0.95,"lower_bound":-0.013153422114027471,"upper_bound":-0.00045637304273034394},"point_estimate":-0.0067756131115890295,"standard_error":0.003236761190725992},"median":{"confidence_interval":{"confidence_level":0.95,"lower_bound":-0.008988416831193446,"upper_bound":-0.002809031412578822},"point_estimate":-0.0063889607408569304,"standard_error":0.001532776120837855}}