{"mean":{"confidence_interval":{"confidence_level":0.95,"lower_bound":-0.00024094748417342752,"upper_bound":0.010600587678160526},"point_estimate":0.005255132396442264,"standard_error":0.0027793210841920014},"median":{"confidence_interval":{"confidence_level":0.95,"lower_bound":-0.0014193035700430512,"upper_bound":0.005698222366326888},"point_estimate":0.003445223250107654,"standard_error":0.0018921051647903615}}