{"mean":{"confidence_interval":{"confidence_level":0.95,"lower_bound":2727366.504150725,"upper_bound":2746612.744701156},"point_estimate":2735727.040178552,"standard_error":4968.48670130622},"median":{"confidence_interval":{"confidence_level":0.95,"lower_bound":2718015.506329114,"upper_bound":2729129.5794382505},"point_estimate":2724738.439701897,"standard_error":2805.22261783455},"median_abs_dev":{"confidence_interval":{"confidence_level":0.95,"lower_bound":11906.070129119302,"upper_bound":23967.42250052502},"point_estimate":18945.977906933203,"standard_error":3047.169737643574},"slope":{"confidence_interval":{"confidence_level":0.95,"lower_bound":2724565.395469695,"upper_bound":2730791.5583455795},"point_estimate":2727652.571455593,"standard_error":1582.068237120802},"std_dev":{"confidence_interval":{"confidence_level":0.95,"lower_bound":19178.177435666843,"upper_bound":76095.21064842342},"point_estimate":50043.922560909894,"standard_error":14924.406682035702}}