{"mean":{"confidence_interval":{"confidence_level":0.95,"lower_bound":0.010180116158720543,"upper_bound":0.02186050840913767},"point_estimate":0.015789138087596077,"standard_error":0.002959002105456781},"median":{"confidence_interval":{"confidence_level":0.95,"lower_bound":0.014949492272438025,"upper_bound":0.01982151788799036},"point_estimate":0.017282569751926324,"standard_error":0.0012312378309713035}}