{"mean":{"confidence_interval":{"confidence_level":0.95,"lower_bound":0.010693503018348616,"upper_bound":0.023752252754709324},"point_estimate":0.01722508708305348,"standard_error":0.0033043762724896657},"median":{"confidence_interval":{"confidence_level":0.95,"lower_bound":0.009056404755985348,"upper_bound":0.018519729725109846},"point_estimate":0.013484080376573448,"standard_error":0.0023757280915274667}}