{"mean":{"confidence_interval":{"confidence_level":0.95,"lower_bound":0.010603443186682899,"upper_bound":0.01631879416589571},"point_estimate":0.01349181218467077,"standard_error":0.001450740086418427},"median":{"confidence_interval":{"confidence_level":0.95,"lower_bound":0.010457853585599475,"upper_bound":0.01791448655724559},"point_estimate":0.014625527636790148,"standard_error":0.0019197574466266554}}