{"mean":{"confidence_interval":{"confidence_level":0.95,"lower_bound":-0.030073112933580424,"upper_bound":-0.01793869294351516},"point_estimate":-0.023802591911776805,"standard_error":0.0030879663495011643},"median":{"confidence_interval":{"confidence_level":0.95,"lower_bound":-0.026292647063113784,"upper_bound":-0.020241765419167224},"point_estimate":-0.023000706562504747,"standard_error":0.0015644269435564249}}