{"mean":{"confidence_interval":{"confidence_level":0.95,"lower_bound":48230.60935539558,"upper_bound":48543.659914922115},"point_estimate":48378.65290498611,"standard_error":79.85973552592843},"median":{"confidence_interval":{"confidence_level":0.95,"lower_bound":48209.28340506935,"upper_bound":48305.27236783561},"point_estimate":48237.857363304676,"standard_error":29.687461888384604},"median_abs_dev":{"confidence_interval":{"confidence_level":0.95,"lower_bound":225.43341888519828,"upper_bound":421.73445076549297},"point_estimate":325.9567430976139,"standard_error":48.10197082943263},"slope":{"confidence_interval":{"confidence_level":0.95,"lower_bound":48103.6105557594,"upper_bound":48392.54097997991},"point_estimate":48249.98223588649,"standard_error":73.65734198470464},"std_dev":{"confidence_interval":{"confidence_level":0.95,"lower_bound":523.2539123561445,"upper_bound":1039.9297118379984},"point_estimate":799.8134960610172,"standard_error":132.28404393904006}}