{"mean":{"confidence_interval":{"confidence_level":0.95,"lower_bound":0.009786384370592361,"upper_bound":0.01704920180659277},"point_estimate":0.01347541411815345,"standard_error":0.0018511506127569552},"median":{"confidence_interval":{"confidence_level":0.95,"lower_bound":0.00653332222103864,"upper_bound":0.011572089399322971},"point_estimate":0.009188467825619773,"standard_error":0.0012221705755205102}}