{"mean":{"confidence_interval":{"confidence_level":0.95,"lower_bound":33002.22261142534,"upper_bound":33218.60828390332},"point_estimate":33105.49457885829,"standard_error":55.58612821360468},"median":{"confidence_interval":{"confidence_level":0.95,"lower_bound":33013.109444444446,"upper_bound":33107.37847222222},"point_estimate":33049.77027487506,"standard_error":23.059143456466963},"median_abs_dev":{"confidence_interval":{"confidence_level":0.95,"lower_bound":193.64813199918018,"upper_bound":337.9657774847553},"point_estimate":257.6186065092013,"standard_error":37.83097420804115},"slope":{"confidence_interval":{"confidence_level":0.95,"lower_bound":32907.35053137346,"upper_bound":33117.77074200609},"point_estimate":33008.68042869809,"standard_error":53.660100843402034},"std_dev":{"confidence_interval":{"confidence_level":0.95,"lower_bound":398.44682458636004,"upper_bound":707.7727763055051},"point_estimate":558.1137372875687,"standard_error":79.28604587402643}}