{"mean":{"confidence_interval":{"confidence_level":0.95,"lower_bound":-0.010525177955663732,"upper_bound":0.0004379729787784389},"point_estimate":-0.004878544821019237,"standard_error":0.0027935965696838307},"median":{"confidence_interval":{"confidence_level":0.95,"lower_bound":-0.006106034384292345,"upper_bound":-0.00025676677975428053},"point_estimate":-0.0035825525330011043,"standard_error":0.001415725123789019}}