{"mean":{"confidence_interval":{"confidence_level":0.95,"lower_bound":-0.022296654393573315,"upper_bound":-0.0017259850334981897},"point_estimate":-0.011867240993458372,"standard_error":0.005245738869964789},"median":{"confidence_interval":{"confidence_level":0.95,"lower_bound":-0.009734074494289313,"upper_bound":-0.001341310457082475},"point_estimate":-0.005449408809775624,"standard_error":0.002366856338633663}}