{"mean":{"confidence_interval":{"confidence_level":0.95,"lower_bound":-0.005958216291694812,"upper_bound":0.011495604858113876},"point_estimate":0.0030068913813887654,"standard_error":0.004445087731108649},"median":{"confidence_interval":{"confidence_level":0.95,"lower_bound":-0.0008624988770461497,"upper_bound":0.010002189260254202},"point_estimate":0.0014446615251080264,"standard_error":0.00260102648639251}}