{"mean":{"confidence_interval":{"confidence_level":0.95,"lower_bound":-0.034622885741434795,"upper_bound":-0.022670480260626406},"point_estimate":-0.0284999255192675,"standard_error":0.0030746424956400293},"median":{"confidence_interval":{"confidence_level":0.95,"lower_bound":-0.0324520911178684,"upper_bound":-0.019889478820339868},"point_estimate":-0.024312298755091333,"standard_error":0.0033278414272519888}}