{"mean":{"confidence_interval":{"confidence_level":0.95,"lower_bound":-0.0028325908723324405,"upper_bound":0.011355606689946297},"point_estimate":0.0043735264344650915,"standard_error":0.003598198234740801},"median":{"confidence_interval":{"confidence_level":0.95,"lower_bound":0.005179901037984269,"upper_bound":0.011463381384458531},"point_estimate":0.007746589166743201,"standard_error":0.0016799613364440443}}