{"mean":{"confidence_interval":{"confidence_level":0.95,"lower_bound":130391.10227322175,"upper_bound":131431.43458319068},"point_estimate":130855.50339830473,"standard_error":268.19309320800164},"median":{"confidence_interval":{"confidence_level":0.95,"lower_bound":129984.31022313297,"upper_bound":130499.83779490106},"point_estimate":130214.02607022607,"standard_error":135.19849693180544},"median_abs_dev":{"confidence_interval":{"confidence_level":0.95,"lower_bound":701.9345724030254,"upper_bound":1257.5782725937845},"point_estimate":932.7387473594277,"standard_error":139.48795303754454},"slope":{"confidence_interval":{"confidence_level":0.95,"lower_bound":130261.5049810231,"upper_bound":130839.49825917331},"point_estimate":130523.33061287622,"standard_error":148.06212146308562},"std_dev":{"confidence_interval":{"confidence_level":0.95,"lower_bound":1110.316905827001,"upper_bound":3863.2128169002735},"point_estimate":2691.2265616255427,"standard_error":684.4626434061856}}