{"mean":{"confidence_interval":{"confidence_level":0.95,"lower_bound":-0.0038681003527851754,"upper_bound":0.005431752474429397},"point_estimate":0.0008403428771288635,"standard_error":0.0023799325230917157},"median":{"confidence_interval":{"confidence_level":0.95,"lower_bound":0.0008732924425038924,"upper_bound":0.005648901272078065},"point_estimate":0.003488661806475557,"standard_error":0.001214521874916828}}