{"mean":{"confidence_interval":{"confidence_level":0.95,"lower_bound":-0.019687320065963573,"upper_bound":-0.0043603345582897395},"point_estimate":-0.012022729063788429,"standard_error":0.0038744505761081085},"median":{"confidence_interval":{"confidence_level":0.95,"lower_bound":-0.01372453300920895,"upper_bound":-0.007607968097186446},"point_estimate":-0.010468395592356905,"standard_error":0.001477185814511092}}