{"mean":{"confidence_interval":{"confidence_level":0.95,"lower_bound":-0.005123328443290392,"upper_bound":0.0016893314620286858},"point_estimate":-0.001527948698187731,"standard_error":0.0017345381526348304},"median":{"confidence_interval":{"confidence_level":0.95,"lower_bound":-0.003634224265607989,"upper_bound":0.0024980471452413777},"point_estimate":-0.0006159754911884141,"standard_error":0.0015269937483191184}}