{"mean":{"confidence_interval":{"confidence_level":0.95,"lower_bound":-0.002101730938791082,"upper_bound":0.011513723381086152},"point_estimate":0.005068544810662656,"standard_error":0.0034783403694613846},"median":{"confidence_interval":{"confidence_level":0.95,"lower_bound":0.0029232331207783625,"upper_bound":0.010247145899562993},"point_estimate":0.0068682281288527935,"standard_error":0.0018326353080161289}}