{"mean":{"confidence_interval":{"confidence_level":0.95,"lower_bound":-0.00697815009392248,"upper_bound":0.0059603451131414785},"point_estimate":-0.0000751398300099515,"standard_error":0.0033040876402106673},"median":{"confidence_interval":{"confidence_level":0.95,"lower_bound":0.00004338087422631761,"upper_bound":0.00649055430233038},"point_estimate":0.003737977044406149,"standard_error":0.0016613795394752684}}