{"mean":{"confidence_interval":{"confidence_level":0.95,"lower_bound":-0.009473573400407076,"upper_bound":0.00189453278623764},"point_estimate":-0.0037670668289671028,"standard_error":0.0028962124690861055},"median":{"confidence_interval":{"confidence_level":0.95,"lower_bound":-0.005259551512212237,"upper_bound":0.0012507442224756193},"point_estimate":-0.002842723821177673,"standard_error":0.001618392342178628}}