{"mean":{"confidence_interval":{"confidence_level":0.95,"lower_bound":0.00007629649429692663,"upper_bound":0.017806156914984692},"point_estimate":0.0092881973259471,"standard_error":0.004496731744074822},"median":{"confidence_interval":{"confidence_level":0.95,"lower_bound":0.007969787841061171,"upper_bound":0.018138419205780965},"point_estimate":0.013321850382036482,"standard_error":0.002685151173070473}}