{"mean":{"confidence_interval":{"confidence_level":0.95,"lower_bound":-0.01187057879331377,"upper_bound":-0.0021914765818461424},"point_estimate":-0.007228361496062874,"standard_error":0.002454214617555432},"median":{"confidence_interval":{"confidence_level":0.95,"lower_bound":-0.009966822089051308,"upper_bound":-0.0028591406021333254},"point_estimate":-0.007588228642796513,"standard_error":0.0018706288075222004}}