{"mean":{"confidence_interval":{"confidence_level":0.95,"lower_bound":92000789.243875,"upper_bound":92210402.366875},"point_estimate":92105032.015,"standard_error":53544.00306871298},"median":{"confidence_interval":{"confidence_level":0.95,"lower_bound":91918967.5,"upper_bound":92230479.5},"point_estimate":92019378.25,"standard_error":77218.46606753225},"median_abs_dev":{"confidence_interval":{"confidence_level":0.95,"lower_bound":440014.54513818026,"upper_bound":735240.2300968766},"point_estimate":628258.781196177,"standard_error":73537.9991238131},"slope":null,"std_dev":{"confidence_interval":{"confidence_level":0.95,"lower_bound":472696.4965856446,"upper_bound":593786.2336896776},"point_estimate":536966.9903425936,"standard_error":30903.226478796278}}