{"mean":{"confidence_interval":{"confidence_level":0.95,"lower_bound":-0.007706847849768997,"upper_bound":0.0010683196344810967},"point_estimate":-0.0034676114025059546,"standard_error":0.0022391180619612183},"median":{"confidence_interval":{"confidence_level":0.95,"lower_bound":-0.007756669133881622,"upper_bound":-0.002188960940946447},"point_estimate":-0.004903553232866398,"standard_error":0.001406383757270446}}