{"mean":{"confidence_interval":{"confidence_level":0.95,"lower_bound":0.001962825648858358,"upper_bound":0.01503339900292714},"point_estimate":0.008741462255418941,"standard_error":0.003313012271107741},"median":{"confidence_interval":{"confidence_level":0.95,"lower_bound":0.010899635311919731,"upper_bound":0.015501389208818495},"point_estimate":0.012678876779511183,"standard_error":0.0011999987308905496}}