{"mean":{"confidence_interval":{"confidence_level":0.95,"lower_bound":-0.027177283081222955,"upper_bound":-0.015393123150590004},"point_estimate":-0.021163956111658666,"standard_error":0.0029945323573139526},"median":{"confidence_interval":{"confidence_level":0.95,"lower_bound":-0.021675364255918983,"upper_bound":-0.017267491757986808},"point_estimate":-0.018928423240450076,"standard_error":0.0011673014683143553}}