{"mean":{"confidence_interval":{"confidence_level":0.95,"lower_bound":-0.02285160761509015,"upper_bound":-0.011262274035970524},"point_estimate":-0.01715891770257616,"standard_error":0.002950627153907023},"median":{"confidence_interval":{"confidence_level":0.95,"lower_bound":-0.01929488112275035,"upper_bound":-0.014018702371283442},"point_estimate":-0.016647236620997208,"standard_error":0.0012934907671902458}}