{"mean":{"confidence_interval":{"confidence_level":0.95,"lower_bound":0.05053378461461833,"upper_bound":0.06398989014708638},"point_estimate":0.05731809996456105,"standard_error":0.0034350537379406274},"median":{"confidence_interval":{"confidence_level":0.95,"lower_bound":0.057367387415920845,"upper_bound":0.06325719528230592},"point_estimate":0.06054051365654112,"standard_error":0.0015459382883355685}}