{"mean":{"confidence_interval":{"confidence_level":0.95,"lower_bound":-0.004851703678047199,"upper_bound":0.0057553326291959195},"point_estimate":0.0005612537832468956,"standard_error":0.0026953685880372123},"median":{"confidence_interval":{"confidence_level":0.95,"lower_bound":-0.0013408207214212764,"upper_bound":0.004466684649653274},"point_estimate":0.0015838494001747527,"standard_error":0.0015347127466268352}}