{"mean":{"confidence_interval":{"confidence_level":0.95,"lower_bound":-0.017491804568961114,"upper_bound":-0.006863473017127512},"point_estimate":-0.012318519909030212,"standard_error":0.002691580714446604},"median":{"confidence_interval":{"confidence_level":0.95,"lower_bound":-0.008593605742800547,"upper_bound":-0.0019892589021631712},"point_estimate":-0.004695971475978222,"standard_error":0.0017737538191743424}}