{"mean":{"confidence_interval":{"confidence_level":0.95,"lower_bound":0.011113789147366932,"upper_bound":0.015114071008990926},"point_estimate":0.01309912503692301,"standard_error":0.001019834950791843},"median":{"confidence_interval":{"confidence_level":0.95,"lower_bound":0.009402171180013852,"upper_bound":0.015677756805355658},"point_estimate":0.011880661065266862,"standard_error":0.0016241289770072644}}