{"mean":{"confidence_interval":{"confidence_level":0.95,"lower_bound":-0.005294995156970073,"upper_bound":0.0020284409205668756},"point_estimate":-0.001722614571697867,"standard_error":0.0018670148062562059},"median":{"confidence_interval":{"confidence_level":0.95,"lower_bound":-0.008298791713416551,"upper_bound":0.005026274462811564},"point_estimate":-0.001705439007445575,"standard_error":0.003476683951541393}}