{"mean":{"confidence_interval":{"confidence_level":0.95,"lower_bound":0.008968383780508717,"upper_bound":0.021310220910799142},"point_estimate":0.01498919568096313,"standard_error":0.003138625020641069},"median":{"confidence_interval":{"confidence_level":0.95,"lower_bound":0.009350719275465602,"upper_bound":0.01965311035662605},"point_estimate":0.0136002467725036,"standard_error":0.0024604738584316247}}