{"mean":{"confidence_interval":{"confidence_level":0.95,"lower_bound":5396839.420526314,"upper_bound":5412213.730526317},"point_estimate":5404414.04842105,"standard_error":3920.5158199387656},"median":{"confidence_interval":{"confidence_level":0.95,"lower_bound":5378408.736842105,"upper_bound":5407117.815789474},"point_estimate":5394237.5,"standard_error":8456.42851917583},"median_abs_dev":{"confidence_interval":{"confidence_level":0.95,"lower_bound":18703.700952153165,"upper_bound":53983.33682410531},"point_estimate":37365.65501031166,"standard_error":9561.801852184253},"slope":null,"std_dev":{"confidence_interval":{"confidence_level":0.95,"lower_bound":35193.11161546908,"upper_bound":42801.39005223178},"point_estimate":39450.602137516275,"standard_error":1950.4610749467083}}