{"mean":{"confidence_interval":{"confidence_level":0.95,"lower_bound":0.0002982911919140584,"upper_bound":0.011829178316486165},"point_estimate":0.006128640119854367,"standard_error":0.002953303330489122},"median":{"confidence_interval":{"confidence_level":0.95,"lower_bound":0.0037609148052486496,"upper_bound":0.01090712030810903},"point_estimate":0.007385097938700014,"standard_error":0.0019181402040471449}}