{"mean":{"confidence_interval":{"confidence_level":0.95,"lower_bound":-0.01303469336512391,"upper_bound":0.0007983235368306213},"point_estimate":-0.00575139562019189,"standard_error":0.003508690681024888},"median":{"confidence_interval":{"confidence_level":0.95,"lower_bound":-0.00798561028051803,"upper_bound":0.002223213663842201},"point_estimate":-0.0016782369710021117,"standard_error":0.0024679108245389252}}