{"mean":{"confidence_interval":{"confidence_level":0.95,"lower_bound":-0.015079110965733297,"upper_bound":-0.003935155532238839},"point_estimate":-0.009430118939979804,"standard_error":0.002826315868272865},"median":{"confidence_interval":{"confidence_level":0.95,"lower_bound":-0.013728814684451973,"upper_bound":-0.009446294673421507},"point_estimate":-0.011720992957226395,"standard_error":0.0011046970893996582}}