{"mean":{"confidence_interval":{"confidence_level":0.95,"lower_bound":-0.006430324866675282,"upper_bound":0.005653638179878204},"point_estimate":-0.0006965129484092225,"standard_error":0.003048456227110038},"median":{"confidence_interval":{"confidence_level":0.95,"lower_bound":-0.004801341409029214,"upper_bound":0.0010152136041591195},"point_estimate":-0.0017324066509297742,"standard_error":0.0015862015908256327}}