{"mean":{"confidence_interval":{"confidence_level":0.95,"lower_bound":-0.00337083386175685,"upper_bound":0.008431240191142608},"point_estimate":0.0023906368974628833,"standard_error":0.0029950690907719134},"median":{"confidence_interval":{"confidence_level":0.95,"lower_bound":-0.001079734796672227,"upper_bound":0.004055048554562957},"point_estimate":0.0006074459227294327,"standard_error":0.0012833941874400379}}