{"mean":{"confidence_interval":{"confidence_level":0.95,"lower_bound":-0.015089617859110938,"upper_bound":-0.004113908608351247},"point_estimate":-0.009698080438679146,"standard_error":0.0027986643135950876},"median":{"confidence_interval":{"confidence_level":0.95,"lower_bound":-0.011584975634182593,"upper_bound":-0.005240123997637847},"point_estimate":-0.008634267059224876,"standard_error":0.0017063785309792755}}