{"mean":{"confidence_interval":{"confidence_level":0.95,"lower_bound":-0.03096397106416131,"upper_bound":-0.01780668344615132},"point_estimate":-0.02387568290379971,"standard_error":0.003373469702337448},"median":{"confidence_interval":{"confidence_level":0.95,"lower_bound":-0.027362419605286847,"upper_bound":-0.013189811626997838},"point_estimate":-0.018514831873060578,"standard_error":0.003962482030216562}}