{"mean":{"confidence_interval":{"confidence_level":0.95,"lower_bound":-0.005284160833329265,"upper_bound":0.010516330172434083},"point_estimate":0.002532188487186504,"standard_error":0.004035714726345899},"median":{"confidence_interval":{"confidence_level":0.95,"lower_bound":-0.0075069543539497685,"upper_bound":-0.0011110095211884774},"point_estimate":-0.004869472858800017,"standard_error":0.0015667847487250272}}