{"mean":{"confidence_interval":{"confidence_level":0.95,"lower_bound":-0.0037121344633288525,"upper_bound":0.006772518992245363},"point_estimate":0.0012720471787623922,"standard_error":0.0026457090235995906},"median":{"confidence_interval":{"confidence_level":0.95,"lower_bound":-0.002814669089102902,"upper_bound":0.004065268530497379},"point_estimate":-0.00032994068721392544,"standard_error":0.0018347574094181817}}