{"mean":{"confidence_interval":{"confidence_level":0.95,"lower_bound":-0.00549094755456269,"upper_bound":0.007488468337607718},"point_estimate":0.0005019924686999744,"standard_error":0.003251637689554929},"median":{"confidence_interval":{"confidence_level":0.95,"lower_bound":-0.0077226558828374925,"upper_bound":0.0031868173947682756},"point_estimate":-0.001832646551091277,"standard_error":0.0027403491843132803}}