{"mean":{"confidence_interval":{"confidence_level":0.95,"lower_bound":-0.016854881181997523,"upper_bound":-0.004617900936573891},"point_estimate":-0.010576261977721102,"standard_error":0.0030991753034244995},"median":{"confidence_interval":{"confidence_level":0.95,"lower_bound":-0.013668805151858532,"upper_bound":-0.009192965421963684},"point_estimate":-0.011666015428017262,"standard_error":0.0011832416989907672}}