{"mean":{"confidence_interval":{"confidence_level":0.95,"lower_bound":0.03865156255110564,"upper_bound":0.055479318804918215},"point_estimate":0.046748920268915306,"standard_error":0.004274439565068305},"median":{"confidence_interval":{"confidence_level":0.95,"lower_bound":0.04401922150537376,"upper_bound":0.0494220229873068},"point_estimate":0.04727198687135159,"standard_error":0.001376266705483217}}