{"mean":{"confidence_interval":{"confidence_level":0.95,"lower_bound":1956.409194120201,"upper_bound":1975.8547838899692},"point_estimate":1965.3810403003888,"standard_error":4.954008450768096},"median":{"confidence_interval":{"confidence_level":0.95,"lower_bound":1943.525277036711,"upper_bound":1962.3116867066583},"point_estimate":1954.3335107753328,"standard_error":4.811937449263228},"median_abs_dev":{"confidence_interval":{"confidence_level":0.95,"lower_bound":21.696302914744447,"upper_bound":38.02018342208522},"point_estimate":29.90130456100929,"standard_error":4.29483812069148},"slope":{"confidence_interval":{"confidence_level":0.95,"lower_bound":1958.6925872851305,"upper_bound":1969.8712407130733},"point_estimate":1964.3767998793357,"standard_error":2.849396890083054},"std_dev":{"confidence_interval":{"confidence_level":0.95,"lower_bound":29.72689727186519,"upper_bound":66.98840492365578},"point_estimate":49.778742136858696,"standard_error":9.515258554583067}}