{"mean":{"confidence_interval":{"confidence_level":0.95,"lower_bound":0.0006649215114809207,"upper_bound":0.011174637662980663},"point_estimate":0.005687426962496689,"standard_error":0.0026853671710005186},"median":{"confidence_interval":{"confidence_level":0.95,"lower_bound":0.0019173678942094874,"upper_bound":0.0087700700343889},"point_estimate":0.005190256862125819,"standard_error":0.0016164800995040625}}