{"mean":{"confidence_interval":{"confidence_level":0.95,"lower_bound":-0.004586768976085346,"upper_bound":0.006994125062490746},"point_estimate":0.001170258469596952,"standard_error":0.0029286107830954703},"median":{"confidence_interval":{"confidence_level":0.95,"lower_bound":-0.002127395865495818,"upper_bound":0.003621384999421551},"point_estimate":0.001018863975414508,"standard_error":0.001459033592324209}}