{"mean":{"confidence_interval":{"confidence_level":0.95,"lower_bound":0.0017534566244652833,"upper_bound":0.013771911359430799},"point_estimate":0.007204488721673785,"standard_error":0.0030290138576379226},"median":{"confidence_interval":{"confidence_level":0.95,"lower_bound":-0.00011790182334070476,"upper_bound":0.011630088229356073},"point_estimate":0.006068426037977748,"standard_error":0.002986364439071857}}