{"mean":{"confidence_interval":{"confidence_level":0.95,"lower_bound":-0.03224034888016439,"upper_bound":-0.014084340046117137},"point_estimate":-0.02381315351019342,"standard_error":0.0045761309302955475},"median":{"confidence_interval":{"confidence_level":0.95,"lower_bound":-0.02182046699435969,"upper_bound":-0.017621122965892577},"point_estimate":-0.019417814197415506,"standard_error":0.0010057886903842527}}